"Year","Product / Milestone","Category","Origin (Country)","Company / Organization","Designer / Inventor / Key People","User Pros","User Cons","Music Industry Status","Social / Political / Cultural Context","Verify Before Citing"
"1954","Regency TR-1","Portable transistor radio","USA","Regency Division of I.D.E.A. (with Texas Instruments transistors)","Richard Koch (industrial design); I.D.E.A. and TI engineers","Pocket-sized; first mass-market transistor radio; no tube warm-up; private listening via earpiece; status object","About US$50 at launch (a big outlay then); thin, tinny sound; costly batteries; weak reception","Radio and jukeboxes drive hit-making; 78 and 45 rpm singles dominate; rock 'n' roll and R&B breaking through as teen taste diverges from parents'","Cold War and postwar consumer boom; Brown v. Board of Education (1954); Elvis's first Sun Records sessions; teens gain a private soundtrack away from the family radio","Exact launch month (late 1954) and designer credit vary by source"
"1963","Compact cassette","Recording / playback format","Netherlands","Philips","Lou Ottens (led the development team)","Recordable; small; sturdier than vinyl; swappable; later enabled car listening and mixtape culture","Tape hiss; tape wear and stretch; sequential access (rewind / fast-forward); early fidelity was speech-grade","LPs and 45s dominate; cassette first pitched for dictation; Philips licensed it royalty-free, which spread the standard worldwide","March on Washington and JFK assassination (1963); Beatlemania about to begin; Cold War tension after the Cuban Missile Crisis; postwar European consumer-electronics competition","Confirm the Berlin Radio Show introduction date"
"1977","Stereobelt","Portable stereo cassette player with headphones","Germany / Brazil (inventor's background); first patent filed in Italy","Independent inventor (no major manufacturer)","Andreas Pavel","Portable stereo with lightweight headphones years before the Walkman","Never mass-produced by Pavel; no big manufacturer backing; belt-worn unit was unwieldy","Vinyl LP and cassette peak era; disco boom (Saturday Night Fever, 1977); record sales high before the 1979-82 slump","Punk emerges (1977); Elvis dies; Brazil under military dictatorship; Pavel later fought Sony for recognition and settled after a long legal dispute","Patent dates, countries, and settlement terms/year - check court and patent records"
"1979","Sony Walkman TPS-L2","Portable cassette player","Japan","Sony","Masaru Ibuka (concept), Akio Morita (champion), Kozo Ohsone and Nobutoshi Kihara (engineering); design credit varies by source","Pocket-sized stereo; excellent headphone sound; efficient on batteries; created private mobile listening; mixtapes; affordable for mass market; DESIGN INTENT NOTE: the original TPS-L2 had two headphone jacks plus a 'hotline' button with a built-in mic so two people could share a tape and talk over the music (Sony reportedly worried a solo player would feel antisocial); later models dropped this as solo listening became the norm","Tape wear, hiss, and tangling; still bulky by later standards; sound leakage; later criticized for social isolation (ironic given the original two-jack sharing design)","Recorded music slumps 1979-82 (disco backlash, recession, home taping fears; BPI 'Home Taping Is Killing Music' 1981); Walkman helps cassettes overtake vinyl in early 1980s","Iranian Revolution and second oil shock (1979); Thatcher elected; Japanese electronics ascendant and Western anxiety about Japan's rise; growing individualism and concern about people 'tuned out' in public","Individual design and engineering credits are disputed; launched July 1979 in Japan; alternate names abroad (Soundabout, Stowaway) before 'Walkman' unified; confirm the dual-jack/hotline details and the reported founder motivation; the yellow water-resistant Sports Walkman was a later line (early 1980s) - confirm model and dates"
"1984","Sony Discman D-50","Portable CD player","Japan","Sony","Sony engineering team (individual credits not firmly established)","Clean digital sound; no tape hiss; durable discs; instant track skipping","Skipped when jostled; heavy battery drain; bulky; roughly US$300 at launch; CDs were pricey","CD launched 1982-83; format transition boosts label revenue as fans re-buy catalogs; CD later overtakes vinyl and cassette","Reagan-era consumerism; MTV era; Cold War tension; Orwell's 1984; Apple Macintosh (Jan 1984) shapes personal-tech identity","Check launch price and exact model naming (D-50 vs D-5)"
"1992","MiniDisc","Recordable optical disc format and players","Japan","Sony","Sony engineering team (individual credits not firmly established)","Recordable and re-recordable; anti-skip buffer; compact discs in a caddy; easy track editing; near-CD sound","ATRAC compression criticized; proprietary; slow real-time transfers early on; media cost; limited market outside Japan and parts of Europe","CD dominant; industry pushes copy control (US Audio Home Recording Act 1992, SCMS); Philips' rival Digital Compact Cassette launched the same year and failed","Post-Cold War optimism; grunge (Nirvana's Nevermind) reshapes music; LA riots; Maastricht Treaty; early public internet","Confirm who led the MiniDisc design team"
"1993","MP3 (MPEG-1 Layer III) standardized","Audio compression format","Germany","Fraunhofer IIS and University of Erlangen-Nuremberg; ISO/MPEG standard","Karlheinz Brandenburg (lead), Bernhard Grill, Dieter Seitzer, Heinz Gerhäuser; MPEG committee chaired by Leonardo Chiariglione","Roughly 10:1 smaller files; near-CD quality at 128 kbps; easy to share and store","Lossy; early encoding was slow; no built-in DRM; quality depends on bitrate; patent licensing","CD sales rapidly growing; industry unprepared for file copying; .mp3 file extension adopted in 1995","World Wide Web goes public (1993); European Union created; early internet culture and digital utopianism; gangsta rap and grunge in the charts","Standardization vs. first publication dates differ (ISO 1993; extension 1995)"
"1997","Winamp","Desktop MP3 player software","USA","Nullsoft (acquired by AOL in 1999)","Justin Frankel and Dmitry Boldyrev","Free/cheap; fast; customizable skins; plugin ecosystem; made MP3 easy on a PC","Windows-only; needed ripped or downloaded files; messy file and tag management","CD sales climbing toward the 1999-2000 peak; MP3 files begin spreading via IRC and websites","Dot-com boom; Hong Kong handover; death of Princess Diana; early personalization culture ('skins')","Confirm AOL acquisition year and Boldyrev's role"
"1998","MPMan F10","Flash MP3 player","South Korea","SaeHan Information Systems","SaeHan engineering team (individual credits unclear)","No moving parts so no skipping; lightweight; one of the first flash MP3 players","About 32 MB (roughly 8 songs); slow parallel-port transfer; awkward software; expensive","CD still king; labels alarmed by MP3; Secure Digital Music Initiative (SDMI) formed in 1998","Asian financial crisis and IMF bailout in Korea; internet boom; US DMCA signed (Oct 1998)","Whether the MPMan or the Rio launched first is disputed - check launch dates and capacity"
"1998","Diamond Rio PMP300","Flash MP3 player","USA","Diamond Multimedia (Rio brand)","Diamond Multimedia engineering team (individual credits not established)","Small; skip-free; widely sold in the US; helped mainstream the idea of a digital music player","Around 60 minutes of low-bitrate music; clunky transfer software; pricey (about US$200)","RIAA sued Diamond in 1998 under the Audio Home Recording Act; courts sided with Diamond (injunction denied 1998; Ninth Circuit 1999), legitimizing MP3 players","Clinton impeachment; DMCA and Sonny Bono Copyright Term Extension Act (1998); Google founded","Confirm court dates and launch price"
"1999","Napster","Peer-to-peer file-sharing software","USA","Napster Inc.","Shawn Fanning and Sean Parker","Enormous free catalog; instant discovery; rare and out-of-print tracks","Legal risk; variable file quality; malware exposure; artists unpaid","US recorded-music sales peak around 1999-2000; labels sue (A&M v. Napster, Dec 1999; Metallica, 2000); Napster shut down July 2001","Y2K anxiety; WTO protests in Seattle; Columbine; internet sharing ethos; debate over intellectual property and artist pay","Peak revenue figures - verify against RIAA and IFPI data"
"2000","Creative Nomad Jukebox","Hard-drive MP3 player","Singapore","Creative Technology","Sim Wong Hoo (founder) and Creative engineering team","About 6 GB (roughly 1,500 songs); big capacity for its time","Size of a portable CD player; about US$500; slow USB 1.1 transfers; short battery life; clunky interface","Napster at peak usage; sales begin to decline; labels push SDMI and watermarking","Dot-com bubble bursts; disputed US presidential election (Bush v. Gore)","Earlier HDD player: Compaq/HanGo PJB-100 (1999) - check chronology"
"2001","Apple iPod (1st generation)","Hard-drive digital audio player","USA","Apple","Tony Fadell and Jon Rubinstein (hardware leadership), Jonathan Ive (industrial design), Phil Schiller (scroll-wheel idea often credited); PortalPlayer (platform), Toshiba (1.8-inch drive)","5 GB (about 1,000 songs); fast FireWire syncing; simple scroll wheel; long battery life; elegant design","Mac-only at launch; US$399; scratch-prone; no Windows support until 2002; battery not user-replaceable","Napster shut down (July 2001); Kazaa and other P2P services rise; CD sales begin long decline; Apple positions iPod as legal-friendly","Launched Oct 23, 2001, six weeks after 9/11; US economic downturn and war in Afghanistan; iPod as comforting consumer-tech icon; Apple's comeback under Jobs","Confirm individual design credits (Fadell, Rubinstein, Ive, Schiller)"
"2003","iTunes Music Store","Digital music store (DRM: FairPlay)","USA","Apple","Steve Jobs (led label negotiations), Eddy Cue","US$0.99 per song; legal; simple; tight iPod integration","FairPlay DRM locked purchases to Apple devices; small catalog at launch; Mac-only at first (Windows Oct 2003)","Legal digital downloads take off; labels wary of Apple's leverage; RIAA begins suing individual file-sharers (Sept 2003)","Iraq invasion (March 2003); SARS outbreak; debate over DRM and consumer rights","Launch date (April 28, 2003) and initial catalog size"
"2004-2005","iPod mini, iPod shuffle, iPod nano","Hard-drive and flash player family","USA","Apple","Apple design team led by Jonathan Ive","Cheaper and smaller; flash models have no skipping; nano very slim; shuffle very cheap","Shuffle has no screen; DRM lock-in; battery not user-replaceable; mini's capacity limited","Digital downloads growing but CD still dominant; P2P piracy continues; labels increasingly dependent on iTunes","Facebook founded (2004); 'iPod generation' and silhouette ad campaign; e-waste and battery controversy after 'iPod's Dirty Secret' video (2003) led to Apple's battery program","Exact model release dates and capacities"
"2005","iPod (5th generation, 'Video iPod')","Video-capable digital audio player","USA","Apple","Apple design team led by Jonathan Ive","Color screen; video and TV shows; photos","Tiny screen; limited video catalog; scratch-prone","iTunes begins selling TV shows (US$1.99); YouTube launches in 2005","Hurricane Katrina; Web 2.0 and user-generated content; podcasting boom (iTunes podcast directory, 2005)","Release date (Oct 2005) and TV pricing"
"2007","Apple iPhone","Smartphone (absorbs the music player category)","USA","Apple","Apple team led by Steve Jobs; Jonathan Ive (industrial design); Scott Forstall (software); iPod division (incl. Tony Fadell) contributed","Phone, internet, and music in one device; touchscreen; app ecosystem (from 2008)","US$499-599 at launch; AT&T exclusive in the US; no 3G; no App Store at launch; weaker battery than iPods","EMI and Amazon go DRM-free (2007); iTunes becomes one of the largest US music retailers; CD decline continues","Subprime mortgage crisis begins; Iraq troop surge; Radiohead's In Rainbows pay-what-you-want release (Oct 2007); smartphone and social media era begins","iTunes retail ranking claims - verify with NPD data"
"2008","Spotify","Streaming service","Sweden","Spotify AB","Daniel Ek and Martin Lorentzon","Huge catalog for a flat fee; free tier; discovery and playlists; offline listening (Premium)","Low artist payouts; no ownership; catalogs can change or vanish; compressed audio; algorithmic sameness","Revenue depressed by piracy; labels take equity stakes in Spotify; streaming eventually becomes dominant revenue source","Global financial crisis; Obama elected; Pirate Bay trial in Sweden (2009); legal alternative to piracy","Launch dates by region (Europe 2008; US 2011)"
"2015","Apple Music (and mainstream streaming)","Streaming service","USA","Apple (which acquired Beats in 2014)","Jimmy Iovine and Dr. Dre (Beats), Eddy Cue","Big catalog; integration with Apple devices; curated playlists and radio","Subscription cost; no ownership; library-sync frustrations; artist-pay disputes","Global recorded-music revenue returns to growth for the first time in roughly two decades (IFPI, 2015), driven by streaming","Taylor Swift's open letter over unpaid trial periods (June 2015); Paris climate agreement; refugee crisis in Europe","IFPI growth claim and Swift timeline"
"2022","iPod touch discontinued","End of Apple's iPod line","USA","Apple","N/A","N/A - end-of-life; nostalgia and collector interest","N/A","Streaming accounts for the vast majority of US recorded-music revenue (RIAA); vinyl outsells CDs in US units for the first time since 1987","COVID-19 pandemic aftermath; Russia's invasion of Ukraine; inflation; nostalgia for analog formats","Discontinuation announced May 2022; RIAA percentages"
"2020s","Revival of dedicated players and analog formats","Digital audio players (DAPs), cassette Walkmans, vinyl","China / South Korea / Japan (various)","FiiO (China), Astell&Kern (South Korea), Sony (Japan), plus cassette and vinyl makers","Varies by product","Ownership of files; hi-res audio; no subscription; offline use; long battery; tactile ritual","Cost; file management chores; limited app and streaming support; niche market","Streaming dominant; subscription price rises and ownership-vs-rental debates fuel a niche return to owned media","Pandemic lockdowns and screen fatigue; Gen Z retro and analog trend; concerns over algorithms and attention","Trend claims are general observations - source with market data before citing"
